Queries,Clicks,Impressions,CTR,Position
vaseline,21766,424808,5.12%,2.3
vaseline lip therapy,4077,26314,15.49%,1.3
vaseline petroleum jelly,3493,31349,11.14%,1.1
vaseline intensive care,2455,19381,12.67%,1.6
petroleum jelly,2342,126215,1.86%,6
vaseline spray,2290,16312,14.04%,2.6
vaseline lotion,2237,14283,15.66%,1.1
vaseline cocoa butter,1242,9718,12.78%,1.3
vaseline body lotion,1213,14835,8.18%,2.9
vaseline ingredients,944,4920,19.19%,2
dry patches on face,844,5678,14.86%,3.7
vaseline lip balm,805,5735,14.04%,1.2
vaseline men,804,6568,12.24%,3
vaseline products,786,3985,19.72%,1.1
vaseline spray lotion,703,3880,18.12%,1.1
vaseline spray and go,686,7021,9.77%,2.2
what is vaseline,659,4089,16.12%,2
vaseline cocoa radiant,623,3511,17.74%,1.2
vaseline rosy lips,620,5121,12.11%,1.2
vaseline lip therapy rosy lips,544,3876,14.04%,1.1
vaseline on face,541,6915,7.82%,5.3
vaseline for acne,478,1673,28.57%,2.2
what is petroleum jelly,425,7587,5.60%,4.4
vasaline,424,13389,3.17%,2.2
vaseline cream,399,3479,11.47%,1.2
vaseline for men,376,1819,20.67%,1.3
vaseline moisturizer,361,2478,14.57%,1
dry skin around eyes,358,4534,7.90%,6.6
vaseline lip,349,2648,13.18%,1.2
vaseline healing serum,349,983,35.50%,1
vaseline under eyes,321,2273,14.12%,2.5
vasline,304,7173,4.24%,2.1
vaseline acne,304,1377,22.08%,2
vaseline total moisture,303,2536,11.95%,1.8
vaseline cocoa glow,295,2378,12.41%,1.7
vaseline intensive care spray,288,2374,12.13%,2.2
vaseline aloe fresh,286,2943,9.72%,1.5
vaseline jelly,280,2759,10.15%,1.1
vaseline for lips,277,2506,11.05%,1.5
vaseline lip therapy ingredients,276,553,49.91%,1.1
dry skin patches on face,275,1590,17.30%,6.5
what is vaseline used for,271,2892,9.37%,3.1
vaseline lip therapy review,269,2324,11.57%,2.9
vaseline serum,266,2797,9.51%,2.2
spray lotion,262,2622,9.99%,1
vaseline intensive care cocoa radiant,257,1346,19.09%,1.2
what is vaseline made of,246,1323,18.59%,1.9
vaseline on lips,245,2911,8.42%,2
vaseline for face,239,3116,7.67%,6
what is petroleum jelly made of,226,1039,21.75%,2
vaseline pure petroleum jelly,226,1705,13.26%,1.9
vaseline spray moisturiser,214,1434,14.92%,1.7
vaseline usa,213,540,39.44%,1
cocoa butter lotion,212,12445,1.70%,4
baby vaseline,209,2402,8.70%,1
vaseline baby,208,2185,9.52%,1
lip therapy,208,2098,9.91%,1.3
vaseline cocoa butter lotion,208,1752,11.87%,1.1
does vaseline help acne,205,1870,10.96%,1.3
vaseline aloe vera,203,2425,8.37%,1.7
dry skin under eyes,200,3533,5.66%,8
vaseline intensive care essential healing,192,994,19.32%,1
vaseline intensive care lotion,190,1320,14.39%,1.1
vaseline intensive care healing serum,189,787,24.02%,1
vaseline us,180,243,74.07%,1
petroleum jelly vaseline,180,1445,12.46%,1.1
vaseline intensive rescue,180,2192,8.21%,2.3
cocoa butter vaseline,176,1520,11.58%,1
petroleum jelly uses,173,9618,1.80%,7.6
is vaseline petroleum jelly,167,1108,15.07%,1.9
lip therapy vaseline,166,1063,15.62%,1.2
vaseline on acne,166,630,26.35%,2.3
petroleum jelly on face,165,2414,6.84%,6.4
vaseline lips,163,1674,9.74%,1.6
vaseline intensive care aloe soothe,160,705,22.70%,1
does vaseline clog pores,159,1289,12.34%,1
spray on lotion,158,1149,13.75%,1
spray moisturizer,158,1376,11.48%,1.2
vaseline spray moisturizer,157,737,21.30%,1.1
vaseline original,155,1243,12.47%,1.4
vaseline lip therapy rosy lips review,155,1128,13.74%,1.7
petroleum jelly ingredients,150,1142,13.13%,1.9
vaseline petroleum,147,2483,5.92%,1.9
vaseline intensive care advanced repair,146,858,17.02%,1.1
vaseline vs petroleum jelly,143,501,28.54%,2
vaseline chapstick,142,940,15.11%,1
mini vaseline,141,1231,11.45%,1.7
how does vaseline work,141,306,46.08%,1
vaseline on eyelids,139,990,14.04%,3.9
vaseline intensive care spray moisturiser,137,886,15.46%,1.4
petroleum jelly vs vaseline,137,557,24.60%,2
vaseline history,132,333,39.64%,1
pure petroleum jelly,130,1556,8.35%,1.4
vaseline lotion review,129,833,15.49%,1.4
vaseline on face acne,129,514,25.10%,2.2
vaseline blue seal,129,1457,8.85%,2.2
vaseline rosy lips review,127,997,12.74%,1.9
vaseline men's lotion,127,681,18.65%,1
is vaseline good for acne,125,346,36.13%,2.5
is vaseline the same as petroleum jelly,124,561,22.10%,2
white petroleum jelly,124,2674,4.64%,4.1
vaseline for dry skin,123,1261,9.75%,2.2
vaseline moisturiser,121,1255,9.64%,1.1
is vaseline good for your face,121,1926,6.28%,7.2
is petroleum jelly vaseline,121,833,14.53%,1.9
vaseline aloe soothe,120,570,21.05%,1
is vaseline good for your skin,120,1216,9.87%,4.8
vaseline total moisture aloe fresh,120,1289,9.31%,1.1
vaseline cocoa,119,1075,11.07%,1
history of vaseline,119,255,46.67%,1
vaselin,116,8381,1.38%,3.1
how is petroleum jelly made,115,858,13.40%,2.6
how is vaseline made,114,505,22.57%,2
vaseline lotion ingredients,114,333,34.23%,1.1
petroleum jelly for skin,113,1407,8.03%,2.7
vaseline gel,112,1458,7.68%,1.2
vaseline for baby,111,725,15.31%,1
vaseline hand cream,111,1763,6.30%,2.6
vaseline lip therapy cocoa butter,111,770,14.42%,1
white petrolatum,110,5834,1.89%,5.7
ingredients in vaseline,110,722,15.24%,1.9
what is vaseline made from,109,523,20.84%,2
is petroleum jelly the same as vaseline,107,609,17.57%,2.1
vaseline lotions,106,486,21.81%,1
difference between vaseline and petroleum jelly,105,301,34.88%,1.3
vaseline total moisture lotion,103,950,10.84%,1.3
vaseline healing project,101,197,51.27%,1.1
vaseline advanced repair,100,503,19.88%,1.1
vaseline intensive care ingredients,98,255,38.43%,1.1
vaseline skin care,97,746,13%,1
lotion vaseline,97,1369,7.09%,1.8
dry patch of skin on face,97,399,24.31%,2.4
is vaseline safe,95,1299,7.31%,3.3
vaseline white petroleum jelly,94,558,16.85%,1.9
vaseline for diaper rash,93,1401,6.64%,4.5
vaseline face moisturizer,93,872,10.67%,1.6
vaseline petroleum jelly review,90,1916,4.70%,3.9
vasiline,90,4987,1.80%,2.3
is vaseline good for your lips,89,1265,7.04%,4.9
dry patches of skin on face,89,520,17.12%,5.7
vaseline and acne,89,330,26.97%,2.2
vaseline oil,89,2053,4.34%,1.2
rosy lips vaseline,87,826,10.53%,1.3
rosy lips,87,2249,3.87%,2.6
vaseline lip care,86,709,12.13%,1
vaseline cocoa radiant review,86,416,20.67%,1.8
petroleum jelly for acne,86,434,19.82%,2.8
vaseline hand and nail,85,621,13.69%,1.7
will vaseline clog pores,84,247,34.01%,1
white vaseline,84,755,11.13%,1.7
vaseline intensive care review,84,375,22.40%,1.1
petroleum jelly for eczema,81,524,15.46%,3.2
vaseline with cocoa butter,80,497,16.10%,1
spray on moisturizer,80,605,13.22%,1
vaseline aloe,79,720,10.97%,1
lip balm vaseline,78,871,8.96%,1.5
spray vaseline,77,654,11.77%,2.1
is petroleum jelly and vaseline the same thing,75,427,17.56%,2.2
dry flaky skin around eyes,74,587,12.61%,5
dryness around eyes,73,808,9.03%,5
dry skin patch on face,72,355,20.28%,3.6
vaseline spray & go,72,642,11.21%,2.8
cocoa radiant,71,345,20.58%,1.1
vaseline cocoa butter on face,71,458,15.50%,1.7
vaseline for eyes,71,517,13.73%,3
vaseline spray and go moisturizer,70,443,15.80%,1
using vaseline on face,69,459,15.03%,5
what is petroleum jelly used for,69,1086,6.35%,5.2
vaseline cocoa butter oil,69,665,10.38%,1.3
is petroleum jelly safe,68,1956,3.48%,5
vaseline body lotion review,68,984,6.91%,5.1
ingredients in vaseline lip therapy,68,128,53.12%,1.2
vaseline cocoa butter ingredients,67,141,47.52%,1
vaseline for eczema,67,1409,4.76%,7.2
vaseline petroleum jelly ingredients,67,408,16.42%,2
body lotion for men,67,3685,1.82%,6.3
vaseline lip therapy cocoa butter review,67,493,13.59%,1.1
vaselline,66,1028,6.42%,1.7
vaseline intensive care cocoa butter,66,383,17.23%,1
what is vaseline good for,66,1716,3.85%,5.1
dry eyelids vaseline,65,188,34.57%,1.5
vaseline face cream,65,651,9.98%,2
is vaseline good for face,64,415,15.42%,5.7
vaseline around eyes,64,408,15.69%,3.5
cooling spray,63,1516,4.16%,6.3
petroleum jelly on face acne,63,400,15.75%,2.5
vaseline cocoa butter lotion review,62,436,14.22%,1.7
vaseline on eyes,61,454,13.44%,3.1
what does vaseline do,61,1303,4.68%,1.4
vaseline product,61,365,16.71%,1.1
does vaseline cause acne,61,484,12.60%,1.1
vaseline petroleum jelly uses,60,1426,4.21%,5.1
vaseline body spray,60,543,11.05%,3.5
patches of dry skin on face,60,259,23.17%,5.3
vaseline lip balm review,60,738,8.13%,3.4
vaseline men face,60,531,11.30%,3.8
vaseline dry skin,59,729,8.09%,2.4
vaseline men body lotion,59,437,13.50%,2.8
petroleum jelly acne,59,333,17.72%,2.6
vaseline aloe vera body lotion,58,590,9.83%,1.8
vaseline lip therapy cherry,58,491,11.81%,1.9
™ƒ™š™‰ø? ™ø_ø?™‹™?™Ê,58,106,54.72%,1
vaseline hand lotion,57,357,15.97%,1
vaseline moisturizer spray,57,306,18.63%,1.2
what is vaseline made out of,57,299,19.06%,1.9
vaseline cocoa butter cream,57,275,20.73%,1
lotion for men,56,2072,2.70%,2.6
vaseline lotion for men,56,313,17.89%,1.1
vaseline brand,55,305,18.03%,1
vaseline petroleum jelly msds,55,314,17.52%,3.1
vaseline lotion spray,55,358,15.36%,1.1
dry patch on face,54,269,20.07%,2.2
vaseline petroleum jelly cocoa butter,54,265,20.38%,1
vaseline aloe fresh lotion,54,486,11.11%,1.1
petrolium jelly,54,3793,1.42%,6
can vaseline help acne,53,407,13.02%,1.3
dry patchy skin on face,53,230,23.04%,1.2
is petroleum jelly the same thing as vaseline,53,263,20.15%,2
does petroleum jelly clog pores,53,439,12.07%,1
cooling lotion,53,640,8.28%,1.1
benefits of vaseline,52,1843,2.82%,5.8
does vaseline help dry skin,52,1172,4.44%,2.9
uses of vaseline petroleum jelly,52,993,5.24%,4.8
vaseline for under eyes,52,341,15.25%,3.3
what's in vaseline,52,218,23.85%,2
petroleum jelly eczema,52,446,11.66%,3.1
vaseline deep moisture creamy formula,52,400,13%,1.5
vaseline moisture spray,51,340,15%,1.4
™ø_ø?™‹™?™Ê,51,4635,1.10%,5.8
vaseline ointment,51,761,6.70%,1.7
vaseline body lotion spray,51,407,12.53%,1.7
lip vaseline,51,548,9.31%,1.4
difference between petroleum jelly and vaseline,51,144,35.42%,1.3
vaseline lip balm ingredients,50,144,34.72%,1.1
putting vaseline on face,50,348,14.37%,4.3
cocoa butter petroleum jelly,50,371,13.48%,1
vaseline clog pores,50,178,28.09%,1
aloe lotion,50,5109,0.98%,3.9
vaseline body lotion for men,49,165,29.70%,1.3
vaseline men healing moisture,49,124,39.52%,1
rose vaseline,49,364,13.46%,1.3
vaseline intensive care petroleum jelly,49,224,21.88%,1.2
dry around eyes,48,244,19.67%,4.3
skin around eyes dry,48,360,13.33%,4.4
moisturizer spray,48,466,10.30%,1.1
is vaseline good for dry skin,48,539,8.91%,2.6
vasseline,48,1792,2.68%,2.7
is vaseline and petroleum jelly the same,48,233,20.60%,2.1
spray body lotion,48,945,5.08%,2.2
vaseline gel oil,47,350,13.43%,1.2
vaseline intensive care for face,47,173,27.17%,1
vaseline for chapped lips,47,526,8.94%,4.7
vaseline cocoa butter petroleum jelly,47,346,13.58%,1
vaseline essential healing,46,278,16.55%,1.3
vaseline cocoa butter review,46,734,6.27%,2.7
cocoa vaseline,46,330,13.94%,1
is vaseline non comedogenic,46,267,17.23%,1
vaseline on pimples,46,527,8.73%,1.7
what is in vaseline,45,399,11.28%,3
vaseline diaper rash,45,533,8.44%,4.3
vaseline petroleum jelly price,45,1256,3.58%,5.3
™ƒ™ÊøÈøåø_øÈ ™ø_ø?™‹™?™Ê,45,620,7.26%,3.7
vaseline men moisturizer,44,246,17.89%,2.7
what is petroleum jelly made from,44,213,20.66%,2.1
vaseline continuous spray,44,135,32.59%,1
petroleum jelly for baby,44,504,8.73%,1.7
vaseline for skin,44,631,6.97%,5.1
vaseline aloe vera lotion,44,472,9.32%,1.1
aloe vera vaseline,44,778,5.66%,2.4
vaseline mens,44,925,4.76%,4.9
vaseline eczema,44,863,5.10%,7
what is vaseline for,43,495,8.69%,1.3
what is the difference between vaseline and petroleum jelly,43,143,30.07%,1.2
vaseline intensive care aloe vera,43,320,13.44%,1.6
vaseline pure,43,2050,2.10%,5.2
vaseline.us,43,67,64.18%,1
vaseline deep moisture,42,302,13.91%,1.6
vaseline cocoa butter lip therapy,42,340,12.35%,1.2
lotion spray,42,541,7.76%,1.2
vaseline body lotion ingredients,42,156,26.92%,1.1
vaseline original petroleum jelly,42,401,10.47%,1.1
vaseline mini,41,327,12.54%,2.1
pink vaseline,41,703,5.83%,1.1
vaseline petroleum jelly original,41,377,10.88%,1.1
what's the difference between vaseline and petroleum jelly,41,123,33.33%,1.1
where does petroleum jelly come from,41,545,7.52%,4.7
is vaseline good for skin,41,655,6.26%,6.5
dry skin around eye,40,254,15.75%,4.7
vaseline face,40,821,4.87%,6.3
vaseline hand and nail cream,40,347,11.53%,1.6
creamy vaseline,40,290,13.79%,1.3
www.vaseline.com,40,825,4.85%,2.2
vaseline website,40,156,25.64%,1.1
vaseline uses for men,40,511,7.83%,4.8
vaseline cocoa butter body lotion,39,443,8.80%,1.3
vaseline intensive care cocoa glow,39,144,27.08%,1.1
vaseline aloe lotion,39,279,13.98%,1.1
vaseline or petroleum jelly,39,146,26.71%,1.8
veseline,39,997,3.91%,1.8
dry skin eyes,38,190,20%,5.8
dry under eye,38,757,5.02%,6.6
petroleum jelly on acne,38,145,26.21%,2.6
vaseline rosy lip therapy review,38,285,13.33%,1.4
vaseline cocoa radiant lotion,38,240,15.83%,1.1
petroleum vaseline,38,561,6.77%,2.3
vaseline lip therapy rosy,38,350,10.86%,1.3
aloe vera lotion,38,6434,0.59%,9.4
vaseline intensive care body lotion,38,285,13.33%,1.5
vaseline lip therapy original,38,276,13.77%,1.1
vaseline aloe spray,38,171,22.22%,1
vaseline products for men,38,133,28.57%,1
vaseline body oil,38,230,16.52%,1.2
dry under eyes,37,469,7.89%,7.2
benefits of petroleum jelly,37,1363,2.71%,6.6
vaseline healthy hand and nail,37,244,15.16%,1
where to buy vaseline,37,299,12.37%,1.1
vaseline body lotion for dry skin,37,151,24.50%,1.1
vaseline spray and go reviews,37,646,5.73%,3.9
vaseline pure petroleum jelly original,37,303,12.21%,1.5
vaseline rosy lips ingredients,37,91,40.66%,1.9
what is petroleum jelly made out of,36,236,15.25%,2.4
vaseline moisturizer face,36,313,11.50%,1.5
vaseline cocoa butter lip balm,36,173,20.81%,1.1
petrolatum vaseline,36,451,7.98%,3
vaseline intensive care cocoa radiant review,36,163,22.09%,1.1
vaseline spray & go moisturizer,36,212,16.98%,1.2
vaseline comedogenic,36,156,23.08%,1.1
is petroleum jelly same as vaseline,36,176,20.45%,2.3
vaseline non comedogenic,36,135,26.67%,1.2
is vaseline good for lips,35,832,4.21%,6.3
vaseline lipbalm,35,221,15.84%,1
vaseline cocoa glow reviews,35,155,22.58%,2
vaseline as eye cream,35,369,9.49%,6
vaseline rosy lip,35,263,13.31%,1.5
uses for vaseline petroleum jelly,35,411,8.52%,3.6
vaseline face lotion,35,221,15.84%,1.1
vaseline baby petroleum jelly,35,337,10.39%,1.3
vaseline petrolium jelly,35,350,10%,1
dry skin around the eyes,35,264,13.26%,4.9
vaseline intensive,35,348,10.06%,1.6
hand and nail cream,35,1094,3.20%,13
body lotion vaseline,35,671,5.22%,3.7
vaseline body serum,34,321,10.59%,3.1
vazeline,34,1387,2.45%,1.7
vaseline radiant cocoa butter,34,138,24.64%,1.1
mens vaseline lotion,34,271,12.55%,1
dry flaky skin under eyes,34,273,12.45%,4.3
body lotion spray,33,1048,3.15%,2.3
vaseline petrolatum,33,330,10%,1.3
vasaline lotion,33,281,11.74%,1.1
vaseline healing power,33,296,11.15%,1
ingredients of vaseline,33,239,13.81%,1.9
does vaseline clog pores on face,33,186,17.74%,1
vaseline for dry skin on face,33,154,21.43%,3.3
ingredients of vaseline petroleum jelly,33,106,31.13%,1.9
vaselina,33,2375,1.39%,4.1
is vaseline and petroleum jelly the same thing,33,185,17.84%,2.1
vaseline 100 pure petroleum jelly,32,349,9.17%,1.7
vaseline intensive care spray moisturizer,32,130,24.62%,1
vaselin spray,32,253,12.65%,2.8
vaseline.com,32,1056,3.03%,1.7
vaseline lip balm price,32,416,7.69%,6.7
vaseline uses for baby,32,106,30.19%,1.1
vaseline lip therapy rosy lips reviews,32,320,10%,1.2
how to get rid of dry skin around eyes,32,91,35.16%,3.8
uses for petroleum jelly,32,1315,2.43%,7.4
are vaseline and petroleum jelly the same thing,32,159,20.13%,2.3
vaseline intensive care cocoa radiant with pure cocoa butter,32,131,24.43%,1
vaseline spray moisturiser cocoa glow,32,124,25.81%,1.1
vaseline as lip balm,32,261,12.26%,1.4
is vaseline good for pimples,32,140,22.86%,3
types of vaseline,32,190,16.84%,1
how vaseline is made,32,135,23.70%,1.9
aloe vera spray,32,1929,1.66%,11
vaseline lip therapy rosy lips ingredients,32,78,41.03%,1.1
vaseline intensive care aloe,32,159,20.13%,1.1
what's the difference between petroleum jelly and vaseline,31,83,37.35%,1.1
vaseline body gel,31,267,11.61%,1.2
blue seal vaseline,31,373,8.31%,2.2
vaseline spray moisturiser review,31,438,7.08%,4
vaseline lotion for dry skin,31,130,23.85%,1.4
acne vaseline,31,129,24.03%,2.3
vaseline men lotion,31,228,13.60%,1.1
dryness under eyes,31,316,9.81%,6.4
vaseline body wash,31,499,6.21%,3.1
best cocoa butter lotion,31,1183,2.62%,7.2
flaky skin around eyes,31,209,14.83%,5.3
dry skin around eyes vaseline,31,148,20.95%,2.3
vaseline intensive care aloe soothe review,31,136,22.79%,1.1
vaseline cocoa butter lip therapy review,31,151,20.53%,1.2
vaseline lotion on face,31,300,10.33%,1.1
vaseline care,31,183,16.94%,1.2
cocoa radiant vaseline,30,138,21.74%,1.1
vaseline rosy lip therapy,30,230,13.04%,1.4
vaseline intensive care lotion ingredients,30,91,32.97%,1
vaseline made of,30,124,24.19%,1.9
dry skin patches,30,3432,0.87%,11
baby petroleum jelly,30,450,6.67%,1.3
vaseline healing,30,273,10.99%,1.2
vaseline intensive care cream,30,276,10.87%,1.3
vasline lotion,30,297,10.10%,1.2
dry skin under eye,29,436,6.65%,5.3
vaseline lip therapy cherry discontinued,29,96,30.21%,1
moisturizing spray,29,407,7.13%,1.3
is vaseline good for chapped lips,29,204,14.22%,5.2
vaseline intensive care healthy hands stronger nails,29,155,18.71%,1
is vaseline comedogenic,29,210,13.81%,1
vaseline for babies,29,214,13.55%,1
vaseline cocoa glow review,29,590,4.92%,4.3
cocoa glow,29,735,3.95%,3
petroleum jelly made from,29,116,25%,2
what is vaseline petroleum jelly made of,29,99,29.29%,1.9
vaseline intensive care cocoa radiant lotion,29,121,23.97%,1.1
fragrance free lotion,29,1431,2.03%,6.1
vaseline pink lips,29,234,12.39%,1.1
uses of petroleum jelly,29,1868,1.55%,8.5
vaseline new products,29,93,31.18%,1
vaseline lip theraphy,28,213,13.15%,1
is vaseline good for under eyes,28,134,20.90%,2.6
vaseline petroleum jelly for lips,28,579,4.84%,4.4
vasline body lotion,28,278,10.07%,3.4
vaseline body lotion cocoa butter,28,265,10.57%,1.2
vaseline intensive care lotion reviews,28,126,22.22%,1.2
serum vaseline,28,799,3.50%,2.8
vaseline lip therapy rosy lips price,28,203,13.79%,2
vaseline in eyes,28,306,9.15%,5.7
vaseline benefits,28,1005,2.79%,6
is petroleum jelly good for your face,28,446,6.28%,7.2
vaseline sizes,28,206,13.59%,1.2
does vaseline help chapped lips,28,526,5.32%,6.5
vaseline body cream,27,319,8.46%,2.2
petroleum jelly vaseline same thing,27,117,23.08%,2.3
vaseline for pimples,27,252,10.71%,1.7
vaseline intensive care essential healing review,27,88,30.68%,1.3
vaseline eyes,27,331,8.16%,3
vaseline on diaper rash,27,479,5.64%,4.4
vaseline for face acne,27,101,26.73%,2.3
vaseline spray cocoa,27,154,17.53%,1.1
ø_™‹™ø_ø?™‹™?™Ê,27,3312,0.82%,2.9
vaseline lip therapy tube,27,152,17.76%,1
vaseline petroleum jelly cream,27,402,6.72%,2.6
vesline,27,561,4.81%,1.7
vaseline therapy,27,179,15.08%,1
vaseline intensive care aloe soothe lotion,26,86,30.23%,1
vaseline lotions products,26,86,30.23%,1
vaseline cocoa lotion,26,154,16.88%,1
vaseline lip gloss,26,422,6.16%,3.8
dry eyelids treatment vaseline,26,60,43.33%,3
red vaseline,26,326,7.98%,3.1
vaseline lotion for face,26,201,12.94%,1.6
vaseline mens body lotion,26,205,12.68%,2.1
vaseline intensive lotion,26,143,18.18%,1.2
petroleum jelly or vaseline,26,87,29.89%,1.7
patch of dry skin on face,26,104,25%,2.7
vaseline lip therapy advanced,26,152,17.11%,1
vaseline skin,26,340,7.65%,1.8
vaseline products for dry skin,26,139,18.71%,1
spray on body lotion,26,203,12.81%,1.9
vaseline good for face,26,182,14.29%,6.4
vaseline petroleum jelly for baby,26,139,18.71%,1.1
dry eye skin,26,96,27.08%,2.6
vaseline on dry skin,26,244,10.66%,2.2
men's lotion,26,1189,2.19%,2.5
mens body lotion,26,2128,1.22%,7.7
vaseline lip therapy price,25,275,9.09%,4.8
petroleum jelly for lips,25,1408,1.78%,7.8
does vaseline help with acne,25,183,13.66%,2
vaseline intensive care advanced repair reviews,25,117,21.37%,1.1
vaseline creams,25,142,17.61%,1.1
vaseline intensive care spray review,25,118,21.19%,1.5
how petroleum jelly is made,25,197,12.69%,2.6
vaseline ingredients petroleum jelly,25,103,24.27%,1.9
vaseline intensive care advanced repair lotion,25,122,20.49%,1.1
petroleum jelly baby,25,226,11.06%,1.1
aloe spray,25,1114,2.24%,3.5
ingredients in petroleum jelly,25,222,11.26%,2
best vaseline body lotion,25,122,20.49%,1.4
vaseline ingredient,25,159,15.72%,2.1
ingredients in vaseline petroleum jelly,25,100,25%,2
dry patches around eyes,25,157,15.92%,4.5
vaseline intensive care dry skin repair,24,112,21.43%,1.4
vaseline uses,24,1073,2.24%,17
vaseline jelly cocoa butter,24,167,14.37%,1
vaseline cocoa butter stretch marks,24,265,9.06%,2
vaseline intensive care advanced relief healing serum,24,74,32.43%,1
vaseline jelly original,24,181,13.26%,1
vaseline petroleum jelly for face,24,758,3.17%,6.8
original vaseline,24,147,16.33%,1.1
vaseline company,24,360,6.67%,2.3
vaseline man,24,693,3.46%,4.7
vaseline spray and go cocoa radiant,24,101,23.76%,1.4
how to use vaseline lip therapy,24,55,43.64%,1
vaseline cocoa radiant spray,24,105,22.86%,1.1
vaseline spray sverige,24,631,3.80%,4.7
is vaseline lip therapy the same as vaseline,24,92,26.09%,1.1
vaseline chapped lips,24,301,7.97%,3.5
vaseline clogs pores on face,24,72,33.33%,1.6
vaseline coco,24,154,15.58%,1
vaseline on skin,24,566,4.24%,5.3
is vaseline lip therapy the same as regular vaseline,23,109,21.10%,1.2
cocoa glow vaseline,23,141,16.31%,1.2
flaky skin under eyes,23,165,13.94%,4.7
vaseline aloe vera review,23,167,13.77%,3.1
vaseline skin jelly,23,115,20%,1
does vaseline help pimples,23,204,11.27%,2.3
vaseline intensive rescue healing hand cream,23,349,6.59%,2.4
where can i buy vaseline,23,193,11.92%,1
dry skin on face,23,1674,1.37%,20
vaseline petroleum jelly on face,23,360,6.39%,6.1
vaseline rose,23,411,5.60%,1.4
are petroleum jelly and vaseline the same thing,23,109,21.10%,2.4
vaseline on dry face,23,108,21.30%,2.5
spray on vaseline,23,205,11.22%,1.2
vaseline healing lotion,23,124,18.55%,1
vaseline body lotion aloe fresh,23,171,13.45%,1.1
vaseline tinted lip balm,23,141,16.31%,1.2
vaseline coco butter,23,203,11.33%,1.2
vaseline moisturizing lotion,23,116,19.83%,1
vaseline creamy,22,256,8.59%,1.3
dry skin on eyes,22,132,16.67%,4.6
vaseline skin care products,22,109,20.18%,1.1
vaseline lips therapy,22,136,16.18%,1.5
spray and go vaseline,22,307,7.17%,2.2
vaseline intensive spray,22,126,17.46%,1.3
vaseline with cocoa butter reviews,22,103,21.36%,1.3
vaseline eyelids,22,178,12.36%,2.9
pure vaseline,22,269,8.18%,2.4
under eye dryness,22,211,10.43%,5.3
vaseline cocoa butter lotion ingredients,22,82,26.83%,1.6
vaseline men products,22,64,34.38%,1
vaseline rosy lips canada,22,125,17.60%,1.1
petroleum jelly on lips,22,1165,1.89%,6.8
vaseline essential healing lotion,22,104,21.15%,1.1
is petroleum jelly like vaseline,22,104,21.15%,2.2
intensive care lotion,22,127,17.32%,1
vaseline intensive care pure petroleum jelly,22,193,11.40%,2.7
benefits of vaseline on face,22,251,8.76%,6.6
spray body lotion moisturizer,22,78,28.21%,1
vaseline cocoa butter vitalizing gel body oil,22,111,19.82%,1.1
vaseline moisturizer for men,21,68,30.88%,1.2
crema vaseline intensive care,21,70,30%,1
mens lotion,21,2255,0.93%,3
vaseline cream for men,21,117,17.95%,1.8
who makes vaseline,21,168,12.50%,2.1
vaseline intensive care face,21,80,26.25%,1
petroleum jelly and vaseline difference,21,41,51.22%,1
vaseline men body,21,139,15.11%,2.3
about vaseline,21,77,27.27%,1.6
white petroleum jelly vs vaseline,21,234,8.97%,3.3
vaseline protects minor cuts & burns,21,167,12.57%,1.6
vaseline intensive care hand and nail lotion,21,169,12.43%,1.5
vaseline advanced repair review,21,77,27.27%,1
vaseline for dry eyelids,21,50,42%,1.5
petroleum jelly benefits,21,770,2.73%,5.7
vaseline for dry face,21,134,15.67%,3.1
what is in vaseline petroleum jelly,21,76,27.63%,2.1
vaseline body lotions,21,122,17.21%,2
vaseline pure skin jelly,21,703,2.99%,5.2
vaseline petroleum jelly rosy lips,21,133,15.79%,1.7
how to use vaseline body lotion,21,69,30.43%,1
vaseline cocoa radiant gel,21,117,17.95%,1.3
vaseline petroleum jelly baby,21,234,8.97%,1.6
vaseline cream for dry skin,20,146,13.70%,1.3
vaseline uses acne,20,92,21.74%,2.8
vaseline jelly baby,20,160,12.50%,1
vaseline intensive care suomi,20,156,12.82%,1.8
what is in petroleum jelly,20,272,7.35%,4
™ø_ø?™‹™?™Ê ™‹™‹øÇ™ø_™?™,20,1095,1.83%,4
vaseline renewal,20,428,4.67%,7
best vaseline lotion,20,104,19.23%,1
vaseline lip therapy rose,20,134,14.93%,1.2
does vaseline clog pores your face,20,177,11.30%,1
petroleum jelly and vaseline same thing,20,86,23.26%,2.1
vaseline skin repair,20,43,46.51%,1
how vaseline works,20,51,39.22%,1
vaseline sprays,20,87,22.99%,1.1
is petroleum jelly good for eczema,20,194,10.31%,3.6
tinted vaseline,20,145,13.79%,1.2
vaseline for sensitive skin,20,66,30.30%,1.1
is vaseline same as petroleum jelly,20,68,29.41%,2
spray on moisturizer for body,20,135,14.81%,1.8
vaseline dry skin repair,20,104,19.23%,1.5
vaselin lotion,19,182,10.44%,1.4
lip therapy vaseline rosy lips,19,139,13.67%,1.3
what is the difference between petroleum jelly and vaseline,19,64,29.69%,1.3
vaseline cocoa butter petroleum jelly review,19,133,14.29%,1
petroleum jelly is vaseline,19,125,15.20%,1.9
vaseline body,19,228,8.33%,2.1
vaseline lotion men,19,93,20.43%,1.3
vaseline lip therapy reviews,19,171,11.11%,2.4
vaseline intensive care essential healing lotion,19,100,19%,1.1
where is vaseline made,19,138,13.77%,2
does vaseline heal skin,19,87,21.84%,1.2
vaseline aloe fresh hydrating body lotion,19,240,7.92%,2.8
vaseline pimples,19,159,11.95%,1.8
vaseline for baby rash,19,133,14.29%,1.9
vaseline vitamin e,19,249,7.63%,2.7
vaseline moisturiser for face,19,192,9.90%,2.9
is vaseline good for spots,19,88,21.59%,3.2
is vaseline natural,19,89,21.35%,2
how does petroleum jelly work,19,99,19.19%,2
cocoa butter for lips,19,421,4.51%,2.9
petroleum jelly products,19,235,8.09%,2
vaseline spray “‹‘?‘?‘‡,19,507,3.75%,5.7
cooling body lotion,19,161,11.80%,1.6
vaseline advanced lip therapy,18,97,18.56%,1
cocoa butter lip balm,18,1954,0.92%,7.6
vaseline lotion cocoa butter,18,134,13.43%,1.1
vaseline spray aloe,18,84,21.43%,1
vaseline pure petroleum jelly uses,18,160,11.25%,2.6
is vaseline good for your face skin,18,101,17.82%,4.7
does petroleum jelly help acne,18,156,11.54%,1.8
vaseline flavors,18,111,16.22%,1.6
spray and go,18,999,1.80%,2.2
vaseline around eyes at night,18,149,12.08%,4.2
what's vaseline,18,247,7.29%,2
petroleum jelly same as vaseline,18,86,20.93%,2
vaseline lip balms,18,119,15.13%,1
vaseline cocoa butter deep conditioning body lotion,18,217,8.29%,2.7
white petroleum,18,990,1.82%,5.5
petroleum jelly for face,18,334,5.39%,7.6
vaseline intensive care reviews,18,140,12.86%,1.1
petroleum jelly under eyes,18,219,8.22%,3.6
ingredients of petroleum jelly,18,142,12.68%,2.1
ingredients in vaseline intensive care lotion,18,57,31.58%,1.2
lip balm for pink lips,18,142,12.68%,5.8
men lotion,18,1544,1.17%,2.1
where to buy vaseline lip therapy,18,80,22.50%,1.1
petroleum jelly uses for baby,18,114,15.79%,1.4
vaseline is petroleum jelly,18,72,25%,1
vaseline egypt,18,144,12.50%,3.6
petroleum jelly for dry skin,18,350,5.14%,3.3
cocoa butter vaseline lotion,18,164,10.98%,1
øÇø±™€ø© ™ø_ø?™‹™?™Ê,18,91,19.78%,1.1
vaseline aloe fresh on face,18,133,13.53%,2.3
vaseline fragrance free lotion,18,98,18.37%,1
vaseline story,18,40,45%,1
vaseline mens lotion,18,117,15.38%,1
use of petroleum jelly,18,669,2.69%,7.3
dry skin on eyelids,17,288,5.90%,11
vaseline aloe fresh lotion review,17,217,7.83%,2.4
vaseline and eczema,17,277,6.14%,6.7
vaseline products for lips,17,94,18.09%,1
vaseline with aloe vera,17,201,8.46%,1.9
vaseline and petroleum jelly,17,87,19.54%,1.5
vaseline lip therapy rosy lips buy online,17,129,13.18%,1
vaseline serum review,17,216,7.87%,2.8
vaseline official website,17,72,23.61%,1
use of vaseline petroleum jelly,17,254,6.69%,4.7
vaseline rose lip,17,112,15.18%,1.6
vaselin lip therapy,17,270,6.30%,2
vaseline repairing moisture body lotion,17,61,27.87%,1.1
petroleum jelly for diaper rash,17,539,3.15%,4.7
vaseline blueseal,17,327,5.20%,4.5
medical uses for vaseline,17,147,11.56%,2.2
buy vaseline,17,260,6.54%,1.3
vaseline men cream,17,153,11.11%,2.8
aloe fresh vaseline,17,155,10.97%,1.2
vaseline face cream for dry skin,17,100,17%,1
vaseline intensive care 100 pure petroleum jelly,17,125,13.60%,4.5
is vaseline cocoa radiant a self tanner,17,75,22.67%,2.4
vaseline and petroleum jelly the same,17,93,18.28%,2
vaseline serum lotion,17,88,19.32%,1.1
kegunaan vaseline lip therapy,17,272,6.25%,3.1
vaseline lip therapy advanced healing,17,174,9.77%,2
vaseline aloe soothe lotion,17,56,30.36%,1
vaseline .com,17,70,24.29%,1
aloe vaseline,17,134,12.69%,1
vaseline for itchy skin,17,146,11.64%,2.3
vaseline clinical therapy,17,283,6.01%,4.5
vaseline aloe soothe sunburn,17,52,32.69%,1
petroleum jelly and eczema,17,95,17.89%,3.5
vaseline as moisturizer,17,497,3.42%,2.9
vaseline original use,17,70,24.29%,1.1
cocoa butter vaseline uses,16,72,22.22%,1.1
vaseline cocoa radiant reviews,16,124,12.90%,2.7
is petroleum jelly good for skin,16,449,3.56%,6.7
vaseline lip therapy vs vaseline,16,82,19.51%,1.7
aloe fresh,16,1422,1.13%,5
vaseline cocoa butter lotion for stretch marks,16,189,8.47%,1.8
vaseline aloe soothe review,16,73,21.92%,1
vaseline body gel oil,16,87,18.39%,1.2
vaseline for hands,16,119,13.45%,1.6
new vaseline lotion,16,101,15.84%,1.1
vaseline eye,16,132,12.12%,2.5
pure petroleum jelly vaseline,16,99,16.16%,1.7
what's petroleum jelly made of,16,64,25%,2.3
aloe vera body lotion,16,1230,1.30%,9.9
vaseline america,16,36,44.44%,1
vaseline healthy hands,16,110,14.55%,1.4
ÎˆçÎ£‚_?„,16,1632,0.98%,11
vaseline mens moisturizer,16,106,15.09%,4.4
vaseline with vitamin e,16,167,9.58%,2.7
dry spots on face,16,75,21.33%,2.7
vaseline oil gel,16,257,6.23%,1.2
vaseline cream ingredients,16,54,29.63%,1.1
vaseline itseruskettava,16,141,11.35%,3.6
vaseline 100% pure petroleum jelly,16,115,13.91%,1.7
vaseline intensive care serum,16,54,29.63%,1
vaseline spray body lotion,16,86,18.60%,1.6
moisturizer vaseline,16,123,13.01%,1
spray moisturiser,16,730,2.19%,3.9
vaseline intensive care cocoa radiant deep conditioning cream,16,89,17.98%,1
vaseline petroleum jelly sds,16,71,22.54%,2.1
vaseline unscented lotion,16,104,15.38%,1.3
where does vaseline come from,16,204,7.84%,4.2
vaseline and diaper rash,16,117,13.68%,3.8
is vaseline cocoa butter good for your face,16,131,12.21%,1.3
origin of vaseline,16,61,26.23%,1.4
vaseline types,16,82,19.51%,1.1
new vaseline,16,183,8.74%,1.2
vaseline intensive care deep restore,16,315,5.08%,4.4
vaseline products for face,16,180,8.89%,1.7
vaseline for face moisturizer,16,273,5.86%,4
what's in vaseline petroleum jelly,16,78,20.51%,2.2
www.vaseline,16,102,15.69%,1.2
vaseline eye cream,16,128,12.50%,7.4
petroleum jelly cocoa butter,16,164,9.76%,1
which vaseline lotion is the best,15,57,26.32%,1.4
vaseline cocoa butter body lotion review,15,191,7.85%,2.1
medical vaseline,15,201,7.46%,3.9
causes of dry lips,15,468,3.21%,13
vaseline aloe vera gel,15,659,2.28%,6.7
vaseline lotion intensive care,15,64,23.44%,1
vaseline healthy hands + stronger nails,15,87,17.24%,1.3
vaseline men face cream,15,230,6.52%,5.7
what's vaseline good for,15,251,5.98%,5.4
ingredients of vaseline body lotion,15,43,34.88%,1.1
™ø_ø?™‹™?™Ê ø_™‹™šø±ø¿™?,15,2624,0.57%,5.2
benefits of vaseline on skin,15,218,6.88%,5.7
dry skin near eye,15,121,12.40%,4.1
body lotion ingredients,15,293,5.12%,3.2
cherry vaseline,15,156,9.62%,1.4
the healing project,15,217,6.91%,4.4
vasaline spray,15,179,8.38%,2.3
nail lotion,15,288,5.21%,2
vaseline cocoa butter lip,15,98,15.31%,1.1
eczema vaseline,15,376,3.99%,7.2
vaseline benefits for skin,15,267,5.62%,6.5
dry patches under eyes,15,388,3.87%,15
vaseline for dry eyes,15,101,14.85%,3.1
vaseline cocoa spray,15,145,10.34%,1.4
vaseline logo,15,1127,1.33%,2.2
spray on moisturiser,15,636,2.36%,3.6
is vaseline good for diaper rash,15,419,3.58%,5
vaseline on dry eyelids,15,35,42.86%,1.4
the healing power of vaseline,15,93,16.13%,1.1
vaseline intensive care advanced repair review,15,62,24.19%,1.2
petroleum jelly clog pores,15,74,20.27%,1
vaseline aloe fresh review,15,211,7.11%,3.2
vaseline with aloe,15,128,11.72%,1
vaseline lip treatment,15,98,15.31%,1.1
vaseline.,15,302,4.97%,2.2
eczema petroleum jelly,15,145,10.34%,3.5
vaseline rosy lips buy online,15,120,12.50%,1
petroleum jelly diaper rash,15,256,5.86%,4.6
will petroleum jelly clog pores,15,204,7.35%,1
vaseline lip therapy lip balm,15,89,16.85%,1
can vaseline clog pores,15,136,11.03%,1
benefits of vaseline cocoa butter,15,68,22.06%,1
how to treat dry patches on face,15,112,13.39%,5.8
does vaseline block pores,15,97,15.46%,1
vaseline aloe vera moisturiser,14,131,10.69%,1.3
vaseline repairing serum,14,67,20.90%,1.1
rosy lip vaseline,14,97,14.43%,1.3
cherry vaseline lip therapy,14,72,19.44%,1.7
diaper rash vaseline,14,213,6.57%,3.9
vaseline on chapped lips,14,139,10.07%,4.3
vaseline aloe vera body lotion review,14,278,5.04%,2.8
vaseline body lotion on face,14,465,3.01%,2.9
vaseline nails stronger,14,51,27.45%,1.3
vaseline for lips review,14,67,20.90%,2.2
vaseline cream for face,14,443,3.16%,3
vasline cream,14,152,9.21%,1.1
vaseline good for dry skin,14,84,16.67%,2.1
can vaseline cause acne,14,98,14.29%,1.2
can you use vaseline intensive care on your face,14,58,24.14%,1
vaseline new,14,170,8.24%,1.2
lips vaseline,14,148,9.46%,1.4
vaseline spray and go cocoa,14,138,10.14%,1.3
vasline lip balm,14,92,15.22%,1.1
vaseline uses on face,14,237,5.91%,7.4
manfaat vaseline lip therapy,14,289,4.84%,3.9
vaseline cocoa butter spray,14,167,8.38%,1.5
vaseline cocoa butter jelly,14,81,17.28%,1
lips therapy,14,186,7.53%,1.2
vaseline 10x healing serum,14,98,14.29%,1
vaseline aloe soothe lotion review,14,49,28.57%,1
petroleum jelly comedogenic,14,74,18.92%,1.1
vaseline men face moisturizer,14,104,13.46%,3.6
vaseline for dry hands,14,90,15.56%,3.9
vaseline coconut oil,14,177,7.91%,1.3
hand and nail lotion,14,212,6.60%,1.3
how to use vaseline for acne,14,62,22.58%,2.6
vaseline cocoa radiant spray & go moisturizer,14,40,35%,1.1
vaseline lotion total moisture,14,82,17.07%,1.7
ingredients vaseline,14,77,18.18%,1.8
vaseline repairing moisture,14,196,7.14%,2.1
vaseline petrolium,14,151,9.27%,1.4
vaseline intensive care lotions,14,47,29.79%,1
vaseline intensive care products,14,75,18.67%,1
vaseline nails,14,172,8.14%,3.4
vaseline cherry lip therapy,14,98,14.29%,1.7
what is vasaline,14,123,11.38%,2
vaseline cooling hydration body lotion,14,74,18.92%,1.3
does vaseline cocoa glow tan you,14,69,20.29%,4
healing power of vaseline,14,50,28%,1
vaseline dry lips,14,134,10.45%,4
vaseline for dry lips,13,201,6.47%,5.1
vaseline cocoa radiant body gel oil,13,77,16.88%,1.1
creamy petroleum jelly,13,426,3.05%,5.6
cocoa butter vaseline review,13,48,27.08%,1.3
petroleum gel,13,1029,1.26%,5.9
is vaseline bad for you,13,900,1.44%,9.6
face dry patches,13,76,17.11%,3.7
vaseline balm,13,170,7.65%,1
what's vaseline made of,13,80,16.25%,2
review vaseline lip therapy,13,412,3.16%,5
vaseline intensive repair,13,68,19.12%,1.3
vaseline lip therapy online buy,13,105,12.38%,2.8
vaselin intensive care,13,273,4.76%,3.4
vaseline aloe fresh body lotion on face,13,73,17.81%,1.7
vaseline under eyes at night,13,121,10.74%,3.4
advanced relief,13,140,9.29%,2.4
vaseline lip therapy petroleum jelly,13,215,6.05%,5
vaseline cocoa butter for stretch marks,13,75,17.33%,2.1
vaseline renewal lotion,13,149,8.72%,3.8
baby vaseline uses,13,84,15.48%,1
vaseline good for acne,13,29,44.83%,1.2
vaseline intensive repair lotion,13,53,24.53%,1.6
fragrance free hand cream,13,263,4.94%,3.3
vaseline intensive care advanced healing,13,47,27.66%,1
does petroleum jelly cause acne,13,96,13.54%,1.1
vasline men,13,163,7.98%,3.8
vaseline lip therapy flavors,13,75,17.33%,1.9
vaseline baby diaper rash,13,88,14.77%,2.1
vaseline men spray lotion,13,52,25%,1.3
vaseline on nails,13,444,2.93%,5.5
eczema vaseline petroleum jelly,13,93,13.98%,1.9
spray moisturizer body,13,95,13.68%,1.5
can you put vaseline on your eyelids,13,32,40.62%,1.7
vaseline lip therapy cocoa butter ingredients,13,58,22.41%,1.9
vaseline intensive care for men,13,57,22.81%,1
vaseline pink,13,436,2.98%,1.4
what's petroleum jelly,13,350,3.71%,4.6
vaseline petroleum jelly for acne,13,134,9.70%,2.3
will vaseline clog my pores,13,55,23.64%,1
is vaseline bad for acne,13,51,25.49%,3.1
what's in petroleum jelly,13,155,8.39%,3.3
vaseline for acne cure,13,90,14.44%,4.2
cocoa butter petroleum jelly uses,13,61,21.31%,1.2
vaseline dry skin lotion,13,116,11.21%,1.1
vasenol cocoa radiant,13,176,7.39%,2.6
vasaline lip,13,124,10.48%,1.4
mens vaseline,13,79,16.46%,1
vaseline intensive care lotion review,13,44,29.55%,1.4
vaseline essential healing review,13,45,28.89%,1.6
fungsi vaseline lip therapy,13,194,6.70%,3.2
is vaseline good for the face,13,167,7.78%,6.9
vaseline as moisturiser,13,270,4.81%,2.2
vaseline moisturiser for men,13,49,26.53%,1.4
vaseline “€“ó“‘µ“ƒ,13,66,19.70%,1.1
vaseline baby petroleum jelly review,13,158,8.23%,1.7
vasoline lotion,13,121,10.74%,1
vaseline cocoa glow spray,13,57,22.81%,1.1
cream vaseline,12,254,4.72%,1.3
vaseline intensive care lip therapy,12,43,27.91%,1
vaseline spray í«terfí_rsí?ljare,12,111,10.81%,2.1
spray & go,12,190,6.32%,2.7
vaseline moisturizer review,12,152,7.89%,2.8
is petroleum jelly good for acne,12,73,16.44%,3.5
vaseline total moisture cocoa radiant,12,219,5.48%,2.3
vaseline intesive care,12,94,12.77%,1.2
body oil gel,12,91,13.19%,1.2
vaseline intensive healing serum,12,35,34.29%,1
petroleum jelly for pimples,12,163,7.36%,1.9
aloe vera vaseline lotion,12,86,13.95%,1.3
vaseline rosy,12,204,5.88%,1.3
cocoa butter on lips,12,404,2.97%,3.1
vaseline aloe fresh sunburn,12,28,42.86%,1.4
vaseline total moisture dry skin,12,111,10.81%,2.7
vaseline spray and go review,12,291,4.12%,5.4
unilever vaseline,12,398,3.02%,5.4
vasaline lip therapy,12,122,9.84%,1.3
dry rough patches on face,12,110,10.91%,5.5
vaseline lotion aloe,12,92,13.04%,1
petroleum jelly what is it,12,69,17.39%,3
vaseline aloe fresh lotion on face,12,50,24%,1.4
vaseline cocoa butter for face,12,55,21.82%,1.7
vaseline mens spray lotion,12,61,19.67%,1.3
vaseline aloe vera lotion on face,12,121,9.92%,2.2
dryness around eye,12,100,12%,5
vaseline lip therapy advanced formula,12,117,10.26%,1
vaseline creamy formula,12,68,17.65%,1.6
vaseline moisture,12,170,7.06%,1.8
how to treat dry skin around eyes,12,90,13.33%,4.7
vaseline cocoa body lotion,12,78,15.38%,1
intensive care vaseline,12,124,9.68%,1.2
cocoa lotion,12,467,2.57%,1.2
vaseline spray moisturizer review,12,155,7.74%,3
vaseline intensive care on face,12,70,17.14%,1
vaseline lotion products,12,81,14.81%,1.2
is petroleum jelly safe for lips,12,208,5.77%,3.3
will vaseline cause acne,12,102,11.76%,1.1
vaseline unilever,12,559,2.15%,5.4
dry patches on skin,12,1742,0.69%,9.2
vaseline intensive rescue repairing,12,121,9.92%,2.1
vaseline intensive care cocoa,12,62,19.35%,1.3
rosy lips vaseline review,12,72,16.67%,1.2
vaseline origin,12,122,9.84%,3.3
does vaseline help dry skin on face,12,87,13.79%,4.7
vaseline moisturizer for face,12,231,5.19%,1.6
vaseline spray and go sverige,12,702,1.71%,3.7
spray aloe,12,357,3.36%,3.2
vaseline face moisturizer for men,12,41,29.27%,1
dry lips vaseline,12,76,15.79%,3.8
petroleum jelly for face acne,12,80,15%,2.9
vaseline for man,12,95,12.63%,2
vasline intensive care,12,115,10.43%,1.2
vaseline body oil gel,12,64,18.75%,1.2
vaseline rosy lips stick,12,173,6.94%,4.7
vaseline what is it,12,39,30.77%,1.2
vasline products,12,51,23.53%,1
can i use vaseline intensive care on my face,12,38,31.58%,1
dry face,12,1231,0.97%,15
is vaseline intensive care good for your face,12,53,22.64%,1
dry skin around eyes and eyelids,12,394,3.05%,9.1
dry skin vaseline,12,121,9.92%,2.3
vaseline cocoa butter gel,12,166,7.23%,1.3
coco butter lotion,12,952,1.26%,4
vaseline skin lotion,12,68,17.65%,1.1
vaseline cocoa butter oil gel,12,43,27.91%,1.3
men body lotion,12,961,1.25%,6.2
creamy vaseline baby,12,48,25%,1.7
vaseline body lotion men,12,78,15.38%,2.5
vaseline lip therapy original review,12,85,14.12%,2
does vaseline clog your pores,12,222,5.41%,1
vaseline fragrance free,12,67,17.91%,1
petroleum jelly ingredients list,12,103,11.65%,2.6
whats in vaseline,11,70,15.71%,1.9
vasaline lip balm,11,93,11.83%,1.8
vaseline total moisture ingredients,11,55,20%,1
petroleum jelly and acne,11,47,23.40%,3.1
is vaseline oil free,11,59,18.64%,2.4
vaseline for nails,11,293,3.75%,5.2
vaseline serums,11,33,33.33%,1.2
does vaseline have petroleum in it,11,82,13.41%,2.8
petroleum jelly on eyelids,11,34,32.35%,2.8
healing lotion,11,652,1.69%,5.6
petroleum jelly for itchy skin,11,96,11.46%,3.9
rosy vaseline,11,119,9.24%,1.1
cocoa butter vaseline on face,11,77,14.29%,1.5
is petroleum jelly bad for you,11,1420,0.77%,8.6
vaseline petroleum jelly ingredients list,11,34,32.35%,1.4
vaseline cocoa radiant deep conditioning cream,11,58,18.97%,1
vaseline intensive care hand & nail lotion,11,63,17.46%,1.4
vaseline spray on lotion,11,71,15.49%,1
vaseline under eye,11,89,12.36%,2.9
vaseline safety,11,128,8.59%,2.9
vaseline cocoa butter benefits,11,82,13.41%,1.1
vaseline therapy rosy lips,11,126,8.73%,1.6
vaseline intensive care total moisture,11,94,11.70%,1.2
vaseline spray and go cocoa radiant review,11,50,22%,1.3
how to get rid of chapped lips,11,2567,0.43%,12
deep moisture,11,559,1.97%,5.6
vaseline intensive care healing serum deep repair,11,71,15.49%,1
vaseline cocoa moisturiser,11,63,17.46%,1.2
vaseline pure skin jelly uses,11,81,13.58%,3.2
vaseline skincare,11,74,14.86%,1
vaseline blue seal uses,11,76,14.47%,1.7
vaseline facts,11,68,16.18%,1.3
does vaseline clear acne,11,72,15.28%,2.2
vaseline intensive care advanced repair fragrance free,11,73,15.07%,1.2
vaseline spray and go malaysia,11,66,16.67%,1.9
vaseline petroleum gel,11,172,6.40%,1.4
lip care vaseline,11,57,19.30%,1
vaseline cocoa glow lotion,11,79,13.92%,1.3
vaseline on face benefits,11,44,25%,3.2
vaseline cocoa glow for face,11,170,6.47%,4.1
vaseline total moisture aloe fresh on face,11,84,13.10%,2.5
vaseline cocoa radiant on face,11,115,9.57%,2.1
is vaseline good for your eyes,11,138,7.97%,3.4
dry skin above eye,11,33,33.33%,1.4
body gel oil,11,110,10%,1.1
vaseline face cream for men,11,96,11.46%,4.5
what is white petroleum jelly,11,134,8.21%,4.8
can you use vaseline on your face,11,176,6.25%,5.2
vaselin body lotion,11,183,6.01%,7.5
does vaseline heal,11,65,16.92%,1.1
vaseline and pimples,11,45,24.44%,2
vaseline cocoa glow lotion review,11,148,7.43%,3
red dry skin around eyes,11,104,10.58%,4.7
vaseline face moisturizer for dry skin,11,85,12.94%,1
cocoa butter body lotion,11,1046,1.05%,2.9
vaseline spray and go ingredients,11,61,18.03%,2.2
vaseline rose lips,11,115,9.57%,1.6
lotion ingredients,11,1147,0.96%,7.8
vaseline gel body oil,11,85,12.94%,1.1
is vaseline good for eyes,11,39,28.21%,3.5